{
  "case": "Parameter Sweep",
  "wave_speed_mps": 1234.63201521141,
  "results": [
    {
      "Q0_m3s": 0.1,
      "V0_ms": 0.5092958178940651,
      "Pmax_MPa": 1.578881352074507,
      "Joukowsky_MPa": 1.6287929219852928
    },
    {
      "Q0_m3s": 0.2,
      "V0_ms": 1.0185916357881302,
      "Pmax_MPa": 2.0865775383586946,
      "Joukowsky_MPa": 2.2575858439705856
    },
    {
      "Q0_m3s": 0.3,
      "V0_ms": 1.5278874536821951,
      "Pmax_MPa": 2.537490309379758,
      "Joukowsky_MPa": 2.886378765955878
    }
  ]
}