{
  "case": "Valve Closure",
  "Pmax_MPa": 2.0713063978474064,
  "t_peak_s": 20.51893440410698,
  "P_outlet_MPa": 1.0,
  "wave_speed_mps": 1234.63201521141
}